{"Unknown Location": 1773353685.055775, "Beira, Mozambique \u2014 Critical Zone": 1773360351.588623}